L1 Category,L2 Category,L3 Category,L4 Category
Sports & Fitness,Fitness Accessories,Exercise bands,Ab Exerciser
Sports & Fitness,Fitness Accessories,Exercise bands,Abs Exerciser
Games & Toys Store and Baby Products,Baby Toys,Toys,Activity Kit
"Mobiles, Tablets, Mobile Accessories",Cables and Chargers,Chargers,adapter
Home and Decor,Door Locks and Hardware,Hooks,Adhesive Products
"Beauty, Cosmetics & Toiletries",Bath and Shower,Air Freshner,Air Freshner
"Laptops, Electronics and Accessories",Headphones,EarPhones,Airpods Combo
Home and Decor,Table Accents,Desk Clocks,Alarm Clock
Groceries,Non Perishables,Nuts and Dry Fruits,Almond
Groceries,Pet Supplies,Fish Food,Ammonia Test Kits
Groceries,Pet Supplies,Fish Food,Ammonia Test Kit
Medicines and Supplements,Medicine Capsules and Syrups,Pills,Amway Essentials
"Laptops, Electronics and Accessories",Watches,Analog Watch,analog Watch
Kitchen and Dining,Kitchen Tools,Chopper & Chippers,Angle Grinder
Apparel & Accessories,Artifical Jewellery,Anklet,Anklet
Apparel & Accessories,Apparel,Apparel-Others,Apparel
"Laptops, Electronics and Accessories",Headphones,EarPhones,Apple Airpods
"Laptops, Electronics and Accessories",Smart Watch Accessories,Smart Watch Accessories,Applewatch Straps
"Mobiles, Tablets, Mobile Accessories",Mobiles,Mobiles,Asus Zenfone
Medicines and Supplements,Health Supplements & Ayush,Ayurvedic,Ayurveda
Medicines and Supplements,Health Supplements & Ayush,Ayurvedic,Ayurvedic
Medicines and Supplements,Medicine Capsules and Syrups,Pills,Ayush
Games & Toys Store and Baby Products,Baby Care & Diapers,Baby Others,Baby
Games & Toys Store and Baby Products,Baby Care & Diapers,Wipes,Baby Wipe
Games & Toys Store and Baby Products,Baby Care & Diapers,Wipes,BabyWipe
Bags & Luggage,Backpacks & Laptop Bags,Backpacks,Backpack
Sports & Fitness,Outdoor Sports,Badminton,Badminton
Apparel & Accessories,Artifical Jewellery,Bangles,Bangle
Apparel & Accessories,Artifical Jewellery,Bangles,Bangles
Home and Decor,Barbeque and Outdoor Cooking,Barbecue Grills,Barbeque
"Beauty, Cosmetics & Toiletries",Bath and Shower,Soap,Bath Bar
"Beauty, Cosmetics & Toiletries",Bath and Shower,Soap,Bath Soap
"Beauty, Cosmetics & Toiletries",Bath and Shower,Soap,Bathing Bar
"Laptops, Electronics and Accessories",Camera Accessories,batteries,Batteries
"Beauty, Cosmetics & Toiletries",Hair Care,Beard Oil,Beard Oil
Home and Decor,Bedroom Linen,Mattress Protectors,Bed Protector
Home and Decor,Bedroom Linen,Bedsheets,bed sheet
Home and Decor,Bedroom Linen,Bedsheets,bed sheets
Home and Decor,Bedroom Linen,Bedsheets,Bedding Set
Home and Decor,Bedroom Linen,Bedsheets,bedsheet
Home and Decor,Bedroom Linen,Bedsheets,bedsheets
Apparel & Accessories,Belts and Wallets,Belts,Belt
Automotive & Accessories (Spares),Car Accessories,Body cover,Bike Cover
Home and Decor,Gardening,Fertilizer and soil,Bio fertilizer
Home and Decor,Outdoor Decor,Bird Baths,Bird Feeder
Groceries,Non Perishables,Biscuits and Snacks,Biscuits
Home and Decor,Bedroom Linen,Blankets nad quilts,Blanket
Apparel & Accessories,Topwear,Blazers and Coats,blazer
"Fridge, AC, Washing Machine, Large Appliances",Kitchen Appliances,Hand Blenders,Blender
Apparel & Accessories,Topwear,Tops/Tunics,Blouse
"Fridge, AC, Washing Machine, Large Appliances",Home Entertainment,DVD Blu Ray Players,Blu Ray player
"Mobiles, Tablets, Mobile Accessories",Cables and Chargers,Chargers,Bluetooth Adapters
"Mobiles, Tablets, Mobile Accessories",Cables and Chargers,Audio Adapters,Bluetooth Devices
Games & Toys Store and Baby Products,Indoor Games,Board Games,Board game
"Beauty, Cosmetics & Toiletries",Skin & Face care,Moisturizers,Body Lotion
"Beauty, Cosmetics & Toiletries",Bath and Shower,Body wash,body wash
"Beauty, Cosmetics & Toiletries",Skin & Face care,Body Wipes,Body Wipes
Books and Stationery,Books,Books,book
Books and Stationery,Books,Books,Books
Footwear,Boots,Boots,boots
Kitchen and Dining,Kitchen Storage,Water Bottles & Flasks,Bottle
Apparel & Accessories,Innerwear & Sleepwear,Boxers,Boxers
Apparel & Accessories,Innerwear & Sleepwear,Lingerie,Bra
Apparel & Accessories,Artifical Jewellery,Bracelets,Bracelets
Apparel & Accessories,Innerwear & Sleepwear,Lingerie,Bras
Medicines and Supplements,"Mask, Gloves and Protective Instruments",Face Masks,Breathable Reusable masks
Apparel & Accessories,Innerwear & Sleepwear,Briefs,brief
Apparel & Accessories,Innerwear & Sleepwear,Briefs,Briefs
"Beauty, Cosmetics & Toiletries",Skin & Face care,Creams,Brightening Cream
Home and Decor,Functional Lighting,Light bulbs,bulbs
Kitchen and Dining,Cookware,Cooking Stoves,Burner
Groceries,Perishables,Dairy,Butter
Books and Stationery,Calculators,Calculators,Calculator
"Laptops, Electronics and Accessories",Cameras,CamCorder,Camcorder
"Laptops, Electronics and Accessories",Camera Accessories,Tripods & monopods,Camera Tripod
Apparel & Accessories,Bottomwear,Palazzos/Capris,Capris
Medicines and Supplements,Medicine Capsules and Syrups,Pills,Capsule
Medicines and Supplements,Medicine Capsules and Syrups,Pills,Capsules
Games & Toys Store and Baby Products,Mechanical Toys,Toy car,Car toy
Apparel & Accessories,Belts and Wallets,Wallets,Card Holder
Apparel & Accessories,Bottomwear,Trousers,Cargos
Home and Decor,Carpets and Rugs,Carpets,Carpet
Groceries,Non Perishables,Nuts and Dry Fruits,cashews
Kitchen and Dining,ServeWare,Casseroles,Casserole
"Fridge, AC, Washing Machine, Large Appliances","Heating, cooling and Air quality",Fans,Ceiling Fans
Kitchen and Dining,ServeWare,Cups & Mugs,Ceramic Mug
"Mobiles, Tablets, Mobile Accessories",Cables and Chargers,Chargers,Charger
Apparel & Accessories,Apparel,Apparel-Others,Childrens Clothes
Apparel & Accessories,Bottomwear,Trousers,Chinos
Kitchen and Dining,Kitchen Tools,Chopper & Chippers,Chopper
Medicines and Supplements,Health Supplements & Ayush,Immunity Boosters,Chyawanprash
Flammable and Poisonous Products,Tobacco Products,Cigarettes,Cigarette Lighter
"Beauty, Cosmetics & Toiletries",Bath and Shower,Soap,Cleansing foam
Apparel & Accessories,"Indian, Festive and Ethnic wear",Kurtas and Kurta sets,Clothingkurta
Apparel & Accessories,Topwear,Shirts,Clothingshirt
Apparel & Accessories,Topwear,T shirts,Clothingtshirt
Home and Decor,Closet Organization,Collapsible wadrobes,Collapsible Wardrobe
"Laptops, Electronics and Accessories",PC Accessories,Mouse,Computer mouse
Medicines and Supplements,Sexual Wellness,Condoms,Condom
Kitchen and Dining,Kitchen Storage,Jars and containers,Container
"Fridge, AC, Washing Machine, Large Appliances",Kitchen Appliances,Rice & Pasta Cookers,Cooker
Kitchen and Dining,Cookware,Cooking Stoves,Cooking Pot
"Fridge, AC, Washing Machine, Large Appliances",Kitchen Appliances,Induction Cooktops,Cooktops
Kitchen and Dining,Cookware,Cooking Stoves,Cookware
"Fridge, AC, Washing Machine, Large Appliances","Heating, cooling and Air quality",Air Coolers,Cooler
Home and Decor,Decorative Lighting,Decorative Lighting,Corner Lights
Furniture,Living Room Furniture,Wall Shelves,Corner shelf
"Beauty, Cosmetics & Toiletries",Makeup Products,Makeup Products-Others,Cosmetic
"Beauty, Cosmetics & Toiletries",Makeup Products,Makeup Products-Others,Cosmetics
Medicines and Supplements,"Mask, Gloves and Protective Instruments",Face Masks,covid-19 safety face mask
Books and Stationery,Art And Craft supplies,Painting Supplies,Crafts Gifts
"Beauty, Cosmetics & Toiletries",Skin & Face care,Creams,Cream
Sports & Fitness,Outdoor Sports,Cricket,Cricket bat
Games & Toys Store and Baby Products,Indoor Games,Board Games,cube puzzle
Home and Decor,Curtains & Accessories,Curtains,Curtain
Home and Decor,Bedroom Linen,Cushion covers,cushion cover
"Beauty, Cosmetics & Toiletries",Hair Care,Hair Oil,Dabur Lal Tail
"Mobiles, Tablets, Mobile Accessories",Cables and Chargers,USB Cables,Data Cables
"Laptops, Electronics and Accessories",Data Storage,Memory Cards,Data card
Apparel & Accessories,Bottomwear,Jeans,Denim
Apparel & Accessories,Bottomwear,Jeans,Denims
"Beauty, Cosmetics & Toiletries",Oral Care,Breath Fresheners,Dental Products
Flammable and Poisonous Products,Pressurized cylinders,Deodorents,Deodorant
Flammable and Poisonous Products,Pressurized cylinders,Deodorents,Deodorent
Flammable and Poisonous Products,Pressurized cylinders,Deodorents,Deodorents
Groceries,Other Household Supplies,Detergents,detergent
Groceries,Other Household Supplies,Detergents,detergents
Games & Toys Store and Baby Products,Baby Care & Diapers,Diapers,Diaper
Games & Toys Store and Baby Products,Baby Care & Diapers,Diapers,Diapers
"Laptops, Electronics and Accessories",Cameras,DSLRs,Digital camera
Kitchen and Dining,Dinner Sets,Opalware & Glass,Dinner set
Kitchen and Dining,Dinner Sets ,Opalware & Glass,Dinner set
Kitchen and Dining,Dinner Sets,Opalware & Glass,dinnerset
Flammable and Poisonous Products,Insect & Animal Control,Rat/ Mouse Control,Disinfectant spray
Medicines and Supplements,"Mask, Gloves and Protective Instruments",Gloves,Disposable clear gloves
Medicines and Supplements,"Mask, Gloves and Protective Instruments",Face Masks,Disposable face mask
Medicines and Supplements,"Mask, Gloves and Protective Instruments",Gloves,Disposable rubber gloves
Home and Decor,Bedroom Linen,Bedding Sets,Diwan set
Groceries,Pet Supplies,Dog belt,Dog belt
Groceries,Pet Supplies,Dog Food Dry,Dog food
Medicines and Supplements,Health Supplements & Ayush,Homeopathy,Dr advice
Medicines and Supplements,Health Supplements & Ayush,Homeopathy,Dr shuddhi package
Furniture,Bedroom Furniture,Chest of Drawers,Drawer
Apparel & Accessories,Topwear,Dressses/Dungarees/Jumpsuits,Dress
Apparel & Accessories,Topwear,Dressses/Dungarees/Jumpsuits,Dress Material
Apparel & Accessories,Topwear,Dressses/Dungarees/Jumpsuits,Dresses
Groceries,Non Perishables,Nuts and Dry Fruits,Dry fruit
Groceries,Non Perishables,Nuts and Dry Fruits,Dry fruits
"Fridge, AC, Washing Machine, Large Appliances",Home appliances,Irons,Dry Iron
Apparel & Accessories,"Indian, Festive and Ethnic wear",Dupatta,Dupatta
Medicines and Supplements,"Mask, Gloves and Protective Instruments",Face Masks,Dust protection mask
Bags & Luggage,Travel Accessories,Earplugs,Ear buds
"Laptops, Electronics and Accessories",Headphones,EarPhones,Ear phone
"Laptops, Electronics and Accessories",Headphones,EarPhones,earphone
"Laptops, Electronics and Accessories",Headphones,EarPhones,earphones
Apparel & Accessories,Artifical Jewellery,Earrings,Earrings
"Fridge, AC, Washing Machine, Large Appliances",Kitchen Appliances,Electric Kettles,Electric Kettle
"Fridge, AC, Washing Machine, Large Appliances",Kitchen Appliances,Electric Kettles,Electric Kettles
Flammable and Poisonous Products,Pressurized cylinders,Lighters,Electronic Lighter
Home and Decor,Functional Lighting,Emergency Lights,Emergency Light
Home and Decor,Functional Lighting,Emergency Lights,Emergency Lights
"Beauty, Cosmetics & Toiletries",Makeup Products,Brush Kits,Estee Lauder
Apparel & Accessories,"Indian, Festive and Ethnic wear",Kurtas and Kurta sets,Ethnic Wear
Medicines and Supplements,"Mask, Gloves and Protective Instruments",Gloves,Examination Gloves
Home and Decor,Electricals,Extension Cords,Extension Board
Medicines and Supplements,Health Supplements & Ayush,Multivitamins,Extreme Pleasure
"Beauty, Cosmetics & Toiletries",Skin & Face care,Creams,Eye Cream
"Beauty, Cosmetics & Toiletries",Makeup Products,Eyeliners,Eye Liner
"Beauty, Cosmetics & Toiletries",Makeup Products,Eyeshadows,Eye Shadow
Apparel & Accessories,Eye Wear,Spectacles,Eye Wear
Apparel & Accessories,Eye Wear,Spectacles,Eyeglass
"Beauty, Cosmetics & Toiletries",Makeup Products,Eyeliners,eyeliner
"Beauty, Cosmetics & Toiletries",Bath and Shower,Soap,Face Cleaning
Medicines and Supplements,"Mask, Gloves and Protective Instruments",Face Masks,Face mask
Medicines and Supplements,"Mask, Gloves and Protective Instruments",Face Masks,Face Masks
"Beauty, Cosmetics & Toiletries",Skin & Face care,Face Pack,Face pack
"Beauty, Cosmetics & Toiletries",Skin & Face care,Creams,Face Serum
Medicines and Supplements,"Mask, Gloves and Protective Instruments",Face Masks,face shield
"Beauty, Cosmetics & Toiletries",Bath and Shower,Soap,Face wash
"Beauty, Cosmetics & Toiletries",Bath and Shower,Soap,facewash
"Beauty, Cosmetics & Toiletries",Bath and Shower,Soap,facial cleanser
Medicines and Supplements,"Mask, Gloves and Protective Instruments",Face Masks,facial cover
"Beauty, Cosmetics & Toiletries",Skin & Face care,Moisturizers,Facial Grooming
"Beauty, Cosmetics & Toiletries",Skin & Face care,Face Pack,facial kit
"Beauty, Cosmetics & Toiletries",Skin & Face care,Creams,fairness cream
"Fridge, AC, Washing Machine, Large Appliances","Heating, cooling and Air quality",Fans,fan
"Fridge, AC, Washing Machine, Large Appliances","Heating, cooling and Air quality",Air Coolers,fan cooler
Automotive & Accessories (Spares),Car Accessories,Stickers,Fastag
Medicines and Supplements,"Mask, Gloves and Protective Instruments",Face Masks,Filtration Mask
Sports & Fitness,Fitness Accessories,Exercise bands,Fitness band
Sports & Fitness,Fitness Equipments,Waist Trimmers,Fitness belt
Kitchen and Dining,Kitchen Storage,Water Bottles & Flasks,Flask
Footwear,Shoes,Casual Shoes,Flats
Footwear,Flip - flops,Flip Flops,Flip flop
Footwear,Flip - flops,Flip Flops,flip flops
"Mobiles, Tablets, Mobile Accessories",Mobiles,Mobiles,Flip Phone
Footwear,Flip - flops,Flip Flops,flipflops
Home and Decor,Functional Lighting,Light bulbs,Flood Light
Home and Decor,Gardening,Seeds,Flower seeds
Home and Decor,Functional Lighting,Light bulbs,Fog Lights
Sports & Fitness,Outdoor Sports,Football,Football
Footwear,Shoes,Casual Shoes,Footwear
"Beauty, Cosmetics & Toiletries",Makeup Products,Skin Lighteners,Foundation
Flammable and Poisonous Products,Pressurized cylinders,Deodorents,Fragrances
Kitchen and Dining,Kitchen Linen,Place Mats,Fridge mat
"Mobiles, Tablets, Mobile Accessories",Mobiles,Mobiles,Galaxy bud
"Mobiles, Tablets, Mobile Accessories",Mobiles,Mobiles,Galaxy M
"Mobiles, Tablets, Mobile Accessories",Mobiles,Mobiles,Galaxy Note
"Mobiles, Tablets, Mobile Accessories",Tablets,Tablets,Galaxy Tab
Groceries,Other Household Supplies,garbage bag,garbage bag
Hardware and Tools,Gardening Tools,Gardening Tools,Garden Hose
Apparel & Accessories,Apparel,Apparel-Others,Garment
Apparel & Accessories,Apparel,Apparel-Others,Garments
Kitchen and Dining,Cookware,Cooking Stoves,Gas stove
"Beauty, Cosmetics & Toiletries",Hair Care,Hair color,Gel Colour
Flammable and Poisonous Products,Insect & Animal Control,Protection Spray,Germ kill spray
"Mobiles, Tablets, Mobile Accessories",Mobiles,Mobiles,Gionee
"Laptops, Electronics and Accessories",Speakers,Bluetooth Speakers,Google Home Mini
Apparel & Accessories,Innerwear & Sleepwear,Pyjamas,Gown
Apparel & Accessories,Apparel,Apparel-Others,Gowns
Books and Stationery,Office Supplies,"Pens, Pencils & Writing Supplies",Greeting Card
Home and Decor,Barbeque and Outdoor Cooking,Barbecue Grills,Grill
Kitchen and Dining,Kitchen Tools,Graters & Slicers,Grinder
Grocery,Perishables,Vegetables,Grocery
Bags & Luggage,Backpacks & Laptop Bags,Backpacks,Gym bag
"Beauty, Cosmetics & Toiletries",Hair Care,Hair color,Hair color
"Beauty, Cosmetics & Toiletries",Hair Care,Hair color,Hair colour
"Beauty, Cosmetics & Toiletries",Grooming Appliances,Hair Dryers,Hair dryer
"Beauty, Cosmetics & Toiletries",Hair Care,Hair Oil,Hair growth
"Beauty, Cosmetics & Toiletries",Hair Care,Hair Oil,Hair oil
"Beauty, Cosmetics & Toiletries",Hair Care,Hair Oil,hair oils
"Beauty, Cosmetics & Toiletries",Hair Care,Hair Brush,Hair remover
"Beauty, Cosmetics & Toiletries",Hair Care,Hair Cream,Hair restore
"Beauty, Cosmetics & Toiletries",Hair Care,Hair Cream,Hair serum
"Beauty, Cosmetics & Toiletries",Grooming Appliances,Straightening Brushes,Hair straightener
"Beauty, Cosmetics & Toiletries",Grooming Appliances,Hair Curlers,Hair styling
"Beauty, Cosmetics & Toiletries",Hair Care,Hair Cream,Hair wax
Games & Toys Store and Baby Products,Mechanical Toys,Toy Gun,Hammer of Thor
Apparel & Accessories,Hand Bag & Clutches,Hand Bags,Hand bag
"Beauty, Cosmetics & Toiletries",Bath and Shower,Soap,Hand wash
Kitchen and Dining,Cookware,Cookware Sets,handi set
"Beauty, Cosmetics & Toiletries",Bath and Shower,Soap,handwash refill
"Laptops, Electronics and Accessories",Other components,Internal HDD,Hard disk
Apparel & Accessories,Apparel Accessories,Caps & Hats,Headband
"Laptops, Electronics and Accessories",Headphones,Over ear headphones,Headphone
"Laptops, Electronics and Accessories",Headphones,Over ear headphones,Headphones
"Laptops, Electronics and Accessories",Headphones,Over ear headphones,headset
"Laptops, Electronics and Accessories",Headphones,Over ear headphones,Headsets
Medicines and Supplements,Health Supplements & Ayush,Immunity Boosters,health and personal
Medicines and Supplements,Health Supplements & Ayush,Immunity Boosters,healthcare products
Footwear,Sandals & Heels,Heels,Heels
Automotive & Accessories (Spares),Bike Accessories,Full Helmets,Helmet
Automotive & Accessories (Spares),Bike Accessories,Full Helmets,Helmets
Sports & Fitness,Sports Nutrition,Whey Protein,Herbobuild
Kitchen and Dining,Cookware,Cookware Sets,Home kitchen
"Fridge, AC, Washing Machine, Large Appliances",Home Entertainment,Home Theater Systems,Home theatre
"Mobiles, Tablets, Mobile Accessories",Mobiles,Mobiles,Honor
Apparel & Accessories,Topwear,Sweatshirts,Hoodie
Apparel & Accessories,Topwear,Sweatshirts,Hoodies
Health Care Appliances,Health Care Appliances,Breathe Easy,Hydrater
"Fridge, AC, Washing Machine, Large Appliances",Kitchen Appliances,Induction Cooktops,Induction
"Fridge, AC, Washing Machine, Large Appliances",Kitchen Appliances,Induction Cooktops,Induction cook
"Mobiles, Tablets, Mobile Accessories",Mobiles,Mobiles,Infinix
"Laptops, Electronics and Accessories",Printers,Ink & Toner,ink cartridge
"Laptops, Electronics and Accessories",Printers,Ink & Toner,ink cartridges
Apparel & Accessories,Innerwear & Sleepwear,Briefs,innerwear
Flammable and Poisonous Products,Insect & Animal Control,Protection Spray,Insect killer
"Fridge, AC, Washing Machine, Large Appliances",Home appliances,Inverters,inverter
"Mobiles, Tablets, Mobile Accessories",Tablets,Tablets,Ipad
Home and Decor,Laundry Organization,Ironing Boards,Ironing Board
Apparel & Accessories,Topwear,Jackets,jacket
Apparel & Accessories,Bottomwear,Jeans,jeans
Apparel & Accessories,Artifical Jewellery,Jewellery set,Jewel Set
Apparel & Accessories,Artifical Jewellery,Jewellery set,jewellery
Apparel & Accessories,Artifical Jewellery,Jewellery set,Jewelry
Apparel & Accessories,Sportswear,Tracksuits,Jogger
Apparel & Accessories,Sportswear,Tracksuits,Joggers
Games & Toys Store and Baby Products,Gaming Accessories,Consoles,Joystick
"Fridge, AC, Washing Machine, Large Appliances",Kitchen Appliances,Juicers,Juicer
Apparel & Accessories,Topwear,Dressses/Dungarees/Jumpsuits,Jumpsuits
"Beauty, Cosmetics & Toiletries",Makeup Products,Kaajal,kajal
Home and Decor,Wall Hooks & Key holders,Keyholders,key chain
"Laptops, Electronics and Accessories",PC Accessories,Keyboard,keyboard cover
Home and Decor,Wall Hooks & Key holders,Keyholders,Keychain
Groceries,Non Perishables,Biscuits and Snacks,Khakra box
"Laptops, Electronics and Accessories",Laptops,Laptops,Kid laptop
Flammable and Poisonous Products,Insect & Animal Control,Protection Spray,killer spray
Health Care Appliances,Health Care Appliances,Surgical Instruments,Knee cap
Kitchen and Dining,Kitchen Tools,Knives,Knife
Apparel & Accessories,"Indian, Festive and Ethnic wear",Kurtas and Kurta sets,Kurta
Apparel & Accessories,"Indian, Festive and Ethnic wear",Kurtas and Kurta sets,kurta set
Apparel & Accessories,"Indian, Festive and Ethnic wear",Kurtis,kurtas
Apparel & Accessories,"Indian, Festive and Ethnic wear",Kurtis,kurti
Apparel & Accessories,"Indian, Festive and Ethnic wear",Kurtis,kurtis
"Laptops, Electronics and Accessories",Laptops,Laptops,Laptop
Bags & Luggage,Backpacks & Laptop Bags,Laptop Bags,Laptop bag
"Laptops, Electronics and Accessories",Laptop  Peripherals,Laptop Covers,Laptop skin
Medicines and Supplements,"Mask, Gloves and Protective Instruments",Gloves,latex safety gloves
"Mobiles, Tablets, Mobile Accessories",Mobiles,Mobiles,Lava
Home and Decor,Decorative Lighting,Table Lamps,lava lamp
"Mobiles, Tablets, Mobile Accessories",Tablets,Tablets,lcd Tablet
Home and Decor,Functional Lighting,Led bulbs,led bulb
Home and Decor,Functional Lighting,Light bulbs,led bulb
Home and Decor,Functional Lighting,Led bulbs,led light
Home and Decor,Functional Lighting,Light bulbs,led light
Apparel & Accessories,Bottomwear,Leggings,leggings
Apparel & Accessories,"Indian, Festive and Ethnic wear",Lehenga Cholis,Lehenga
Apparel & Accessories,Eye Wear,Contact Lenses,lens solution
Apparel & Accessories,Innerwear & Sleepwear,Lingerie,lingerie
"Beauty, Cosmetics & Toiletries",Oral Care,Lip Care,lip care
"Beauty, Cosmetics & Toiletries",Oral Care,Lip Care,lip gloss
"Beauty, Cosmetics & Toiletries",Makeup Products,Kohls,Lipstick
"Mobiles, Tablets, Mobile Accessories",Mobile Utility,Internal Batteries,Lithium Battery
Apparel & Accessories,Artifical Jewellery,Chains,locket
"Beauty, Cosmetics & Toiletries",Skin & Face care,Moisturizers,Lotion
Kitchen and Dining,Kitchen Storage,Lunch Boxes,lunch box
Hardware and Tools,Pressurized cylinders,Lighters,Maintenance Spray
Precious metals & Jewellery,Bars and Coins,Gold,Mangalsutra
"Beauty, Cosmetics & Toiletries",Makeup Products,Nail Polish Sets,manicure
"Beauty, Cosmetics & Toiletries",Makeup Products,Mascara,mascara
Home and Decor,Bedroom Linen,Mattress Protectors,mattress
Health Care Appliances,Health Care Appliances,Thermometer,medical infrared thermometer
Medicines and Supplements,Health Supplements & Ayush,Multivitamins,medicine
Medicines and Supplements,Health Supplements & Ayush,Multivitamins,medicines
"Laptops, Electronics and Accessories",Data Storage,Memory Cards,memory card
"Laptops, Electronics and Accessories",Data Storage,Memory Cards,memorycards
"Mobiles, Tablets, Mobile Accessories",Mobiles,Mobiles,mi
"Mobiles, Tablets, Mobile Accessories",Mobiles,Mobiles,micromax
"Fridge, AC, Washing Machine, Large Appliances",Kitchen Appliances,Mixer Grinders,Mixer
"Mobiles, Tablets, Mobile Accessories",Mobiles,Mobiles,mobile
"Mobiles, Tablets, Mobile Accessories",Mobiles,Mobiles,mobile mega pixel camera
"Beauty, Cosmetics & Toiletries",Skin & Face care,Moisturizers,moisturiser
"Beauty, Cosmetics & Toiletries",Skin & Face care,Moisturizers,moisturizer
Home and Decor,Cleaning Supplies,Mops,mop
Flammable and Poisonous Products,Insect & Animal Control,Mosquito nets,mosquito
Flammable and Poisonous Products,Insect & Animal Control,Plant protection sprayer,Mosquito Racquet
"Mobiles, Tablets, Mobile Accessories",Mobiles,Mobiles,moto
"Laptops, Electronics and Accessories",PC Accessories,Mouse,mouse
Medicines and Supplements,"Mask, Gloves and Protective Instruments",Face Masks,mouth mask
Sports & Fitness,Fitness Accessories,Gloves,Multipurpose gloves
"Beauty, Cosmetics & Toiletries",Makeup Products,Nail Polish Sets,nail
Apparel & Accessories,Artifical Jewellery,Necklace,necklace
Apparel & Accessories,Artifical Jewellery,Jewellery set,Necklace
"Beauty, Cosmetics & Toiletries",Skin & Face care,Creams,Night cream
Home and Decor,Decorative Lighting,Lamp Shades,Night light
Apparel & Accessories,Innerwear & Sleepwear,Pyjamas,Nighty
"Mobiles, Tablets, Mobile Accessories",Mobiles,Mobiles,Nokia
Medicines and Supplements,"Mask, Gloves and Protective Instruments",Face Masks,Non woven Face mask
Groceries,Non Perishables,Noodles,Noodles
"Beauty, Cosmetics & Toiletries",Makeup Products,Makeup Products - Others,Nykaa products
"Beauty, Cosmetics & Toiletries",Hair Care,Hair Oil,Oil spray
"Mobiles, Tablets, Mobile Accessories",Mobiles,Mobiles,Oppo
"Mobiles, Tablets, Mobile Accessories",Mobiles,Mobiles,Oppo
"Laptops, Electronics and Accessories",Data Storage,Pen Drives,otg drive
Apparel & Accessories,Bottomwear,Palazzos/Capris,palazzos
Games & Toys Store and Baby Products,Baby Care & Diapers,Diapers,pampers
Apparel & Accessories,Bottomwear,Trousers,pant set
Apparel & Accessories,Bottomwear,Trousers,pants
Apparel & Accessories,Innerwear & Sleepwear,Lingerie,panty
Books and Stationery,Office Supplies,"Pens, Pencils & Writing Supplies",paper
Automotive & Accessories (Spares),Car Accessories,Stickers,Paytm FASTag
Automotive & Accessories (Spares),Car Accessories,Stickers,Paytm FASTag
Groceries,Pet Supplies,Dog Food Dry,Pedigree
Books and Stationery,Office Supplies,"Pens, Pencils & Writing Supplies",pen
"Laptops, Electronics and Accessories",Data Storage,Memory Cards,Pen drive
Flammable and Poisonous Products,Pressurized cylinders,Deodorents,Perfume
Flammable and Poisonous Products,Perfumes & Deodrants,Perfumes,Perfumes
"Fridge, AC, Washing Machine, Large Appliances",Musical Instruments,Keyboard Player,Piano
Home and Decor,Bedroom Linen,Bed pillows,Pillow
Medicines and Supplements,"Mask, Gloves and Protective Instruments",Face Masks,Plastic Face shield mask
"Mobiles, Tablets, Mobile Accessories",Mobiles,Mobiles,Poco
Health Care Appliances,Health Care Appliances,Respiratory Care,pollutio mask
"Mobiles, Tablets, Mobile Accessories",Power Banks,Power Banks,Power bank
"Mobiles, Tablets, Mobile Accessories",Power Banks,Power Banks,powerbank
Apparel & Accessories,Eye Wear,Spectacles,Prescription lens
"Laptops, Electronics and Accessories",Printers,Inkjets Printers,Printer
Medicines and Supplements,"Mask, Gloves and Protective Instruments",Face Masks,Protective face mask
Apparel & Accessories,Topwear,Sweatshirts,Pullover
Apparel & Accessories,Innerwear & Sleepwear,Pyjamas,pyjamas
Apparel & Accessories,Topwear,Rain Jackets,Raincoat
Apparel & Accessories,Apparel,Apparel-Others,Rakhi
"Mobiles, Tablets, Mobile Accessories",Mobiles,Mobiles,Realme
"Mobiles, Tablets, Mobile Accessories",Mobiles,Mobiles,Redmi
Games & Toys Store and Baby Products,Mechanical Toys,Toy car,Remote controlled
Health Care Appliances,Health Care Appliances,Respiratory Care,Respirator
Health Care Appliances,Health Care Appliances,Respiratory Care,Respirator mask
Health Care Appliances,Health Care Appliances,Respiratory Care,reusable mask
Apparel & Accessories,Artifical Jewellery,Rings,Ring
Apparel & Accessories,Artifical Jewellery,Rings,Rings
"Laptops, Electronics and Accessories",Networking,Routers,Router
Footwear,Shoes,Sports Shoes,running shoe
Medicines and Supplements,"Mask, Gloves and Protective Instruments",Face Masks,Safety face mask
Apparel & Accessories,Topwear,Suits,salwar
"Mobiles, Tablets, Mobile Accessories",Mobiles,Mobiles,Samsung Galaxy
Footwear,Sandals & Heels,Sports Sandals,sandals
Footwear,Sandals & Heels,Sports Sandals,sandals
Medicines and Supplements,First Aid,Disinfectants,sanitiser
Medicines and Supplements,First Aid,Disinfectants,Sanitizer
Medicines and Supplements,First Aid,Disinfectants,sanitizer
Apparel & Accessories,"Indian, Festive and Ethnic wear",Sarees,Saree
Apparel & Accessories,"Indian, Festive and Ethnic wear",Sarees,Sarees
Bags & Luggage,Backpacks & Laptop Bags,Backpacks,School bag
"Mobiles, Tablets, Mobile Accessories",Screen Protectors,Hardened Glass,Screen guard
Hardware and Tools,Power and Hand Tools,Screwdrivers,Screwdriver set
Home and Decor,Cleaning Supplies,Scrubs and Sponges,Scrub
"Laptops, Electronics and Accessories",Security,Home security systems,Security camera
Home and Decor,Gardening,Seeds,seed
Home and Decor,Gardening,Seeds,seeds
Home and Decor,Gardening,Seeds,seeds
"Mobiles, Tablets, Mobile Accessories",Mobile Utility,Selfie Sticks,Selfie stick
Kitchen and Dining,ServeWare,Cutlery,Serve Set
Kitchen and Dining,ServeWare,Cutlery,Serving Set
"Fridge, AC, Washing Machine, Large Appliances",Home appliances,Sewing Machine & accessories,Sewing machine
"Beauty, Cosmetics & Toiletries",Bath and Shower,Shampoo,Shampoo
Apparel & Accessories,Innerwear & Sleepwear,Shapewear,Shapebelt
Medicines and Supplements,"Mask, Gloves and Protective Instruments",Face Masks,Shield mouth mask
Apparel & Accessories,Topwear,Shirts,shirt
Apparel & Accessories,Topwear,Shirts,shirts
Footwear,Shoes,Casual Shoes,shoe
Footwear,Shoes,Casual Shoes,shoes
Apparel & Accessories,Bottomwear,Shorts,Shorts
Apparel & Accessories,Bottomwear,Shorts,shorts
"Beauty, Cosmetics & Toiletries",Bath and Shower,Body wash,Shower gel
"Beauty, Cosmetics & Toiletries",Skin & Face care,Moisturizers,Skin care
"Beauty, Cosmetics & Toiletries",Makeup Products,Skin Lighteners,Skin Toner
"Beauty, Cosmetics & Toiletries",Makeup Products,Skin Lighteners,Skin Toners
Apparel & Accessories,Bottomwear,Skirts,Skirt
Sports & Fitness,Fitness Equipments,Waist Trimmers,Slimming belt
Apparel & Accessories,Hand Bag & Clutches,Hand Bags,Sling bag
Footwear,Flip - flops,Slippers,Slipper
Footwear,Flip - flops,Slippers,Slippers
"Laptops, Electronics and Accessories",Watches,Smart Watch,Smart band
"Mobiles, Tablets, Mobile Accessories",Mobiles,Mobiles,Smart phone
"Laptops, Electronics and Accessories",Watches,Smart Watch,Smart Watch
"Laptops, Electronics and Accessories",Watches,Smart Watch,Smartwatch
"Laptops, Electronics and Accessories",Watches,Smart Watch,Smartwatch
Footwear,Shoes,Casual Shoes,Sneakers
"Beauty, Cosmetics & Toiletries",Bath and Shower,Soap,Soap
Footwear,Socks,Ankle High,Socks
Hardware and Tools,Power and Hand Tools,Drills,Soldering Iron
"Laptops, Electronics and Accessories",PC Accessories,PC Speakers,Speaker
"Laptops, Electronics and Accessories",PC Accessories,PC Speakers,Speakers
Hardware and Tools,Paint,Aerosol Spray Paint,Spray gun
"Laptops, Electronics and Accessories",Cameras,Spy cameras,Spy camera
"Fridge, AC, Washing Machine, Large Appliances",Air conditioners,Inverter AC,Stabilizer
Kitchen and Dining,Cookware,Pressure cookers,Steamer
Books and Stationery,Office Supplies,Highlighters,Stickers
Apparel & Accessories,Topwear,Suits,Suit
Apparel & Accessories,Topwear,Jackets,Suits
Apparel & Accessories,Eye Wear,Sunglasses,sunglass
Apparel & Accessories,Eye Wear,Sunglasses,Sunglasses
Health Care Appliances,Health Care Appliances,Surgical Instruments,surgical disposable face mask
Health Care Appliances,Health Care Appliances,Surgical Instruments,surgical masks
Apparel & Accessories,Bottomwear,Trousers,Sweatpants
Apparel & Accessories,Topwear,Sweatshirts,sweatshirt
Precious metals & Jewellery,Bars and Coins,Gold,SWJ Gold
Apparel & Accessories,Topwear,T shirts,t shirt
Apparel & Accessories,Topwear,T shirts,t shirts
"Fridge, AC, Washing Machine, Large Appliances","Heating, cooling and Air quality",Fans,table fan
"Mobiles, Tablets, Mobile Accessories",Tablets,Tablets,tablet
Groceries,Non Perishables,Tea and Coffee,Tea
Games & Toys Store and Baby Products,Non Mechanical Toys,Stuffed Animals,Teddy
Apparel & Accessories,Topwear,T shirts,tee
Apparel & Accessories,Topwear,T shirts,tees
"Mobiles, Tablets, Mobile Accessories",Screen Protectors,Hardened Glass,Tempered glass
Sports & Fitness,Adventure Gear,Hiking Tents,Tent house
Apparel & Accessories,Apparel Accessories,Ties,Tie
"Laptops, Electronics and Accessories",Watches,Analog Watch,Titan
"Beauty, Cosmetics & Toiletries",Makeup Products,Skin Lighteners,Toner
"Laptops, Electronics and Accessories",Printers,Ink & Toner,Toner
Sports & Fitness,Adventure Gear,Knives & Tools (Camping),Tools
"Beauty, Cosmetics & Toiletries",Oral Care,Toothpaste,Toothpaste
Apparel & Accessories,Topwear,Tops/Tunics,top
Apparel & Accessories,Topwear,Tops/Tunics,Tops
Home and Decor,Bathroom Linen,Bath towels,Towel
Apparel & Accessories,Bottomwear,Trousers,Track pants
Apparel & Accessories,Sportswear,Tracksuits,Trackpants
"Beauty, Cosmetics & Toiletries",Grooming Appliances,Trimmer,Trimmer
"Laptops, Electronics and Accessories",Camera Accessories,Tripods & monopods,Tripod
Apparel & Accessories,Bottomwear,Trousers,Trouser
Apparel & Accessories,Bottomwear,Trousers,Trousers
Apparel & Accessories,Topwear,T shirts,tshirt
Apparel & Accessories,Topwear,T shirts,t-shirt
Apparel & Accessories,Topwear,T shirts,tshirts
Apparel & Accessories,Topwear,T shirts,t-shirts
Sports & Fitness,Fitness Accessories,Exercise bands,Tummy Trimmer
Apparel & Accessories,Topwear,Tops/Tunics,tunic
"Fridge, AC, Washing Machine, Large Appliances",Televisions,Smart TV,tv
"Mobiles, Tablets, Mobile Accessories",Cables and Chargers,USB Cables,Type c cable
"Mobiles, Tablets, Mobile Accessories",Cables and Chargers,USB Cables,Usb cable
Kitchen and Dining,Kitchen Tools,Graters & Slicers,Vegetable cutter
Kitchen and Dining,Kitchen Tools,Graters & Slicers,Vegetable scissor
Home and Decor,Gardening,Seeds,Vegetable seeds
Apparel & Accessories,Innerwear & Sleepwear,Vest,vest
Apparel & Accessories,Innerwear & Sleepwear,Vest,vests
"Mobiles, Tablets, Mobile Accessories",Mobiles,Mobiles,Vivo
Sports & Fitness,Fitness Accessories,Exercise bands,waist Trimmer
Apparel & Accessories,Topwear,Waistcoats,Waistcoat
Footwear,Shoes,Sports Shoes,walking shoe
Home and Decor,Wall Decor,Clocks,Wall clock
Home and Decor,Wall Decor,Stickers,Wall decor
Furniture,Living Room Furniture,Wall Shelves,Wall shelf
Apparel & Accessories,Belts and Wallets,Wallets,Wallet
Home and Decor,Wall Decor,Stickers,Wallpaper
"Laptops, Electronics and Accessories",Watches,Digital Watch,Watch
"Laptops, Electronics and Accessories",Watches,Digital Watch,Watches
Kitchen and Dining,Kitchen Storage,Water Bottles & Flasks,Water bottle
"Fridge, AC, Washing Machine, Large Appliances",Home appliances,Water Purifiers,Water purifier
Health Care Appliances,Health Care Appliances,Weighing Scale,Weighing scale
Hardware and Tools,Power and Hand Tools,Drills,Welding Iron
Medicines and Supplements,Health Supplements & Ayush,Immunity Boosters,Wellness
Medicines and Supplements,Health Supplements & Ayush,Immunity Boosters,Wellness product
Books and Stationery,Office Supplies,Highlighters,Whiteboard marker
Apparel & Accessories,Innerwear & Sleepwear,Thermals,Winter
Hardware and Tools,Power and Hand Tools,Tool Kits,Wrench set
Health Care Appliances,Health Care Appliances,Respiratory Care,
Sports & Fitness,Fitness Accessories,Exercise bands,
Medicines and Supplements,Health Supplements & Ayush,Immunity Boosters,
"Fridge, AC, Washing Machine, Large Appliances",Home appliances,Irons,
Kitchen and Dining,Kitchen Linen,Aprons,
Home and Decor,Functional Lighting,Light bulbs,
"Mobiles, Tablets, Mobile Accessories",Mobiles,Mobiles,
Footwear,Sandals & Heels,Sports Sandals,
Apparel & Accessories,Bottomwear,Shorts,
Apparel & Accessories,Sportswear,Active T shirts,
Kitchen and Dining,Cookware,Kadhai & Woks,
"Laptops, Electronics and Accessories",Speakers,Soundbars,
Home and Decor,Bathroom Fixtures,Basin Taps,
Books and Stationery,Office Supplies,Highlighters,
Games & Toys Store and Baby Products,Baby Toys,Rattle Toys,
Bags & Luggage,Backpacks & Laptop Bags,Backpacks,
Bags & Luggage,Backpacks & Laptop Bags,Backpacks,
"Beauty, Cosmetics & Toiletries",Bath and Shower,Soap,
"Beauty, Cosmetics & Toiletries",Bath and Shower,Soap,
"Beauty, Cosmetics & Toiletries",Hair Care,Hair Oil,
"Beauty, Cosmetics & Toiletries",Skin & Face care,Moisturizers,
Automotive & Accessories (Spares),Car Accessories,Car Mobile Holders,
Kitchen and Dining,ServeWare,Cups & Mugs,
"Laptops, Electronics and Accessories",Data Storage,Pen Drives,
"Beauty, Cosmetics & Toiletries",Skin & Face care,Face Pack,
"Beauty, Cosmetics & Toiletries",Skin & Face care,Face Pack,
"Beauty, Cosmetics & Toiletries",Skin & Face care,Face Pack,
Groceries,Non Perishables,Health Drinks,
Groceries,Non Perishables,Health Drinks,
"Beauty, Cosmetics & Toiletries",Grooming Appliances,Trimmer,
Home and Decor,Bathroom Linen,Bath mats,
Apparel & Accessories,Innerwear & Sleepwear,Lingerie,
Apparel & Accessories,Innerwear & Sleepwear,Lingerie,
"Laptops, Electronics and Accessories",Headphones,EarPhones,
"Beauty, Cosmetics & Toiletries",Makeup Products,Skin Lighteners,
"Beauty, Cosmetics & Toiletries",Grooming Appliances,Hair Clipper,
Groceries,Other Household Supplies,sanitary pads,
Groceries,Other Household Supplies,sanitary pads,
Footwear,Shoes,Casual Shoes,
Games & Toys Store and Baby Products,Mechanical Toys,Toy Gun,
Apparel & Accessories,Apparel Accessories,Bandana,
Apparel & Accessories,Apparel Accessories,Cufflinks,
Apparel & Accessories,Apparel Accessories,Gloves,
Apparel & Accessories,Apparel Accessories,Mufflers,
Apparel & Accessories,Apparel Accessories,Pocket Squares,
Apparel & Accessories,Apparel Accessories,Scarves,
Apparel & Accessories,Apparel Accessories,Shrugs,
Apparel & Accessories,Artifical Jewellery,Bracelets,
Apparel & Accessories,Artifical Jewellery,Brooch,
Apparel & Accessories,Artifical Jewellery,Nosepin,
Apparel & Accessories,Artifical Jewellery,Pendent,
Apparel & Accessories,Artifical Jewellery,Saree Accessories,
Apparel & Accessories,Hand Bag & Clutches,Clutches,
Apparel & Accessories,"Indian, Festive and Ethnic wear",Chudidaars,
Apparel & Accessories,"Indian, Festive and Ethnic wear",Dhotis,
Apparel & Accessories,"Indian, Festive and Ethnic wear",Dupatta,
Apparel & Accessories,"Indian, Festive and Ethnic wear",Nehru Jackets,
Apparel & Accessories,"Indian, Festive and Ethnic wear",Salwars,
Apparel & Accessories,"Indian, Festive and Ethnic wear",Shawls,
Apparel & Accessories,"Indian, Festive and Ethnic wear",Sherwanis,
Apparel & Accessories,Innerwear & Sleepwear,Camisoles,
Apparel & Accessories,Sportswear,Swimwear,
Apparel & Accessories,Sportswear,Track Shorts,
Apparel & Accessories,Topwear,Jackets,
Apparel & Accessories,Topwear,Sweatshirts,
Apparel & Accessories,Baby Apparels,Onesies,
Apparel & Accessories,Baby Apparels,Rompers,
Automotive & Accessories (Spares),Bike Accessories,Bike Apparel,
Automotive & Accessories (Spares),Bike Accessories,Bike Body covers,
Automotive & Accessories (Spares),Bike Accessories,Bike Exhaust,
Automotive & Accessories (Spares),Bike Accessories,Open Face Helmets,
Automotive & Accessories (Spares),Bike Accessories,Protective Gear,
Automotive & Accessories (Spares),Car Accessories,Car Jack,
Automotive & Accessories (Spares),Car Accessories,Foot Mats,
Automotive & Accessories (Spares),Car Accessories,Seat Cover,
Automotive & Accessories (Spares),Engine Oil & Lubricants,Engine oil,
Automotive & Accessories (Spares),Engine Oil & Lubricants,Lubriucants,
Automotive & Accessories (Spares),Spares,Clutch & Transmission,
Automotive & Accessories (Spares),Spares,Filters,
Automotive & Accessories (Spares),Spares,Horns,
Automotive & Accessories (Spares),Spares,Lighting,
Automotive & Accessories (Spares),Tyres & Alloys,Bike Tyres,
Automotive & Accessories (Spares),Tyres & Alloys,Car tyres,
Automotive & Accessories (Spares),Vehicle Electronics,Car Audio,
Automotive & Accessories (Spares),Vehicle Electronics,Car GPS,
Automotive & Accessories (Spares),Vehicle Electronics,Car Video,
Automotive & Accessories (Spares),Vehicle Electronics,Motorcycle GPS,
Bags & Luggage,Rucksacks & Duffle bags,Duffel Bags,
Bags & Luggage,Rucksacks & Duffle bags,Rucksacks,
Bags & Luggage,Suitcases & Trolley bags,Suitcases,
Bags & Luggage,Suitcases & Trolley bags,Trolley Bags,
Bags & Luggage,Travel Accessories,Neck Pillow,
"Beauty, Cosmetics & Toiletries",Bath and Shower,Conditioner,
"Beauty, Cosmetics & Toiletries",Grooming Appliances,Epilator,
"Beauty, Cosmetics & Toiletries",Grooming Appliances,Hair crimper,
"Beauty, Cosmetics & Toiletries",Grooming Appliances,Nose & Ear Trimmers,
"Beauty, Cosmetics & Toiletries",Grooming Appliances,Shaver,
"Beauty, Cosmetics & Toiletries",Hair Care,Beard Shampoo,
"Beauty, Cosmetics & Toiletries",Hair Care,Hair serum,
"Beauty, Cosmetics & Toiletries",Hair Care,Moustache Oil,
"Beauty, Cosmetics & Toiletries",Hair Care,Moustache Wax,
"Beauty, Cosmetics & Toiletries",Makeup Products,Eyeshadows,
"Beauty, Cosmetics & Toiletries",Makeup Products,False Eyelashes,
"Beauty, Cosmetics & Toiletries",Oral Care,Breath Fresheners,
"Beauty, Cosmetics & Toiletries",Oral Care,Dental Floss,
"Beauty, Cosmetics & Toiletries",Oral Care,Mouthwash,
"Beauty, Cosmetics & Toiletries",Oral Care,ToothBrush,
Books and Stationery,Art And Craft supplies,Art Glues,
Books and Stationery,Art And Craft supplies,Art markers,
Books and Stationery,Art And Craft supplies,Coloring pens,
Books and Stationery,Art And Craft supplies,Crayons,
Books and Stationery,Art And Craft supplies,Painting Supplies,
Books and Stationery,Calculators,Scientific Calculators,
Books and Stationery,Notebooks and Diaries,Drawing pads,
Books and Stationery,Notebooks and Diaries,Notebooks,
Books and Stationery,Notebooks and Diaries,Papers,
Books and Stationery,Office Supplies,Files and folders,
Books and Stationery,Office Supplies,Note counting machines,
Books and Stationery,Office Supplies,Permanent markers,
Books and Stationery,Office Supplies,Shredders,
Books and Stationery,Office Supplies,Staplers & punches,
Flammable and Poisonous Products,Fireworks,Bombs,
Flammable and Poisonous Products,Fireworks,Colourful Smoke/ Color Fog,
Flammable and Poisonous Products,Fireworks,Crackers/Pataka/Patakha,
Flammable and Poisonous Products,Fireworks,Rockets,
Flammable and Poisonous Products,Fireworks,Sparkles,
Flammable and Poisonous Products,Insect & Animal Control,Bird Control,
Flammable and Poisonous Products,Insect & Animal Control,Mosquito bats,
Flammable and Poisonous Products,Pressurized cylinders,CNG,
Flammable and Poisonous Products,Pressurized cylinders,Extinguisher,
Flammable and Poisonous Products,Pressurized cylinders,Lighters,
Flammable and Poisonous Products,Pressurized cylinders,LPG,
Flammable and Poisonous Products,Pressurized cylinders,Oygen Cylinder,
Flammable and Poisonous Products,Pressurized cylinders,Soda Cylinders,
Flammable and Poisonous Products,Pressurized cylinders,Soda Maker,
Flammable and Poisonous Products,Tobacco Products,Cigarettes,
Flammable and Poisonous Products,Tobacco Products,Hookah,
Flammable and Poisonous Products,Tobacco Products,Pan Masala,
Footwear,Shoes,Formal shoes,
Footwear,Shoes,Sports Shoes,
Footwear,Socks,Knee High,
Footwear,Socks,Loafers' Socks,
"Fridge, AC, Washing Machine, Large Appliances",Air conditioners,Split Acs,
"Fridge, AC, Washing Machine, Large Appliances",Air conditioners,Window AC,
"Fridge, AC, Washing Machine, Large Appliances",Chimneys,Chimneys,
"Fridge, AC, Washing Machine, Large Appliances",Dishwashers,Dishwashers,
"Fridge, AC, Washing Machine, Large Appliances","Heating, cooling and Air quality",Air Purifiers,
"Fridge, AC, Washing Machine, Large Appliances","Heating, cooling and Air quality",Dehumidifiers,
"Fridge, AC, Washing Machine, Large Appliances","Heating, cooling and Air quality",Humidifiers,
"Fridge, AC, Washing Machine, Large Appliances","Heating, cooling and Air quality",Water Heaters,
"Fridge, AC, Washing Machine, Large Appliances",Home appliances,Vacuum Cleaners,
"Fridge, AC, Washing Machine, Large Appliances",Home Entertainment,Projector and Accessories,
"Fridge, AC, Washing Machine, Large Appliances",Home Entertainment,Set Top Boxes,
"Fridge, AC, Washing Machine, Large Appliances",Home Entertainment,Streaming Media Players,
"Fridge, AC, Washing Machine, Large Appliances",Kitchen Appliances,Coffee Machines,
"Fridge, AC, Washing Machine, Large Appliances",Kitchen Appliances,Deep Fyers,
"Fridge, AC, Washing Machine, Large Appliances",Kitchen Appliances,Food Processors,
"Fridge, AC, Washing Machine, Large Appliances",Kitchen Appliances,Hand Mixers,
"Fridge, AC, Washing Machine, Large Appliances",Kitchen Appliances,Oven Toaster Grills,
"Fridge, AC, Washing Machine, Large Appliances",Kitchen Appliances,Sandwich Makers,
"Fridge, AC, Washing Machine, Large Appliances",Kitchen Appliances,Toasters,
"Fridge, AC, Washing Machine, Large Appliances",Kitchen Appliances,Wet Grinders,
"Fridge, AC, Washing Machine, Large Appliances",Microwave Ovens,Convection Microwave,
"Fridge, AC, Washing Machine, Large Appliances",Microwave Ovens,Solo Microwave,
"Fridge, AC, Washing Machine, Large Appliances",Musical Instruments,Drum Set,
"Fridge, AC, Washing Machine, Large Appliances",Musical Instruments,Electric Guitars,
"Fridge, AC, Washing Machine, Large Appliances",Musical Instruments,Guitar,
"Fridge, AC, Washing Machine, Large Appliances",Musical Instruments,Other Musical Instruments,
"Fridge, AC, Washing Machine, Large Appliances",Refridgerators,Double Door,
"Fridge, AC, Washing Machine, Large Appliances",Refridgerators,Side by Side,
"Fridge, AC, Washing Machine, Large Appliances",Refridgerators,Single Door,
"Fridge, AC, Washing Machine, Large Appliances",Refridgerators,Triple Door,
"Fridge, AC, Washing Machine, Large Appliances",Televisions,32 inch TV,
"Fridge, AC, Washing Machine, Large Appliances",Televisions,4k TV,
"Fridge, AC, Washing Machine, Large Appliances",Televisions,Android TV,
"Fridge, AC, Washing Machine, Large Appliances",Televisions,FHD Tv,
"Fridge, AC, Washing Machine, Large Appliances",Televisions,Large Screen TV,
"Fridge, AC, Washing Machine, Large Appliances",Washing Machines,Dryers,
"Fridge, AC, Washing Machine, Large Appliances",Washing Machines,Fully Automatic Front load,
"Fridge, AC, Washing Machine, Large Appliances",Washing Machines,Fully Automatic op load,
"Fridge, AC, Washing Machine, Large Appliances",Washing Machines,Semi Automatic Top lOad,
Furniture,Bedroom Furniture ,Beds,
Furniture,Bedroom Furniture ,Bedside Tables,
Furniture,Bedroom Furniture ,Dressing Tables,
Furniture,Bedroom Furniture ,Matresses,
Furniture,Bedroom Furniture ,Wardrobes,
Furniture,Dining Furniture,Dining bench,
Furniture,Dining Furniture,Dining Chairs,
Furniture,Dining Furniture,Dining table sets,
Furniture,Dining Furniture,Dining tables,
Furniture,Dining Furniture,Kitchen Cabinets,
Furniture,Home Bar,Bar Cabinet,
Furniture,Home Bar,Bar stools,
Furniture,Home Bar,Serving Trolleys,
Furniture,Living Room Furniture,Bean Bags,
Furniture,Living Room Furniture,Center Tables,
Furniture,Living Room Furniture,Chairs,
Furniture,Living Room Furniture,Footstools,
Furniture,Living Room Furniture,L shaped sofas,
Furniture,Living Room Furniture,Maganzine Racks,
Furniture,Living Room Furniture,Nested Tables,
Furniture,Living Room Furniture,Recliners,
Furniture,Living Room Furniture,Shoe Racks,
Furniture,Living Room Furniture,Sofa Beds,
Furniture,Living Room Furniture,Sofa Sets,
Furniture,Outdoor Furniture,Hammocks,
Furniture,Outdoor Furniture,Outdoor Furniture set,
Furniture,Outdoor Furniture,Patio Umbrella,
Furniture,Outdoor Furniture,Swing chairs,
Furniture,Study Room Furniture,Bookcases,
Furniture,Study Room Furniture,Desks,
Furniture,Study Room Furniture,Office Chairs,
Games & Toys Store and Baby Products,Baby Care & Diapers,Baby Blankets,
Games & Toys Store and Baby Products,Baby Care & Diapers,Changing Pads,
Games & Toys Store and Baby Products,Baby Care & Diapers,Changing Tables,
Games & Toys Store and Baby Products,Baby Care & Diapers,Sippy Cups,
Games & Toys Store and Baby Products,Baby Care & Diapers,Wipes,
Games & Toys Store and Baby Products,Baby Carriers & Strollers,Bassinet,
Games & Toys Store and Baby Products,Baby Carriers & Strollers,Carriers,
Games & Toys Store and Baby Products,Baby Carriers & Strollers,Cradles,
Games & Toys Store and Baby Products,Baby Carriers & Strollers,Playmats,
Games & Toys Store and Baby Products,Baby Carriers & Strollers,Strollers,
Games & Toys Store and Baby Products,Baby Carriers & Strollers,Trams,
Games & Toys Store and Baby Products,Baby Carriers & Strollers,Walkers,
Games & Toys Store and Baby Products,Baby Safety,Baby Mosquito Nets,
Games & Toys Store and Baby Products,Baby Safety,Car Seats,
Games & Toys Store and Baby Products,Baby Toys,Bricks & Blocks,
Games & Toys Store and Baby Products,Baby Toys,Pull along Toys,
Games & Toys Store and Baby Products,Electronic Games,Nintendo,
Games & Toys Store and Baby Products,Electronic Games,PC Games,
Games & Toys Store and Baby Products,Electronic Games,PS3,
Games & Toys Store and Baby Products,Electronic Games,PS4,
Games & Toys Store and Baby Products,Electronic Games,Xbox 360,
Games & Toys Store and Baby Products,Electronic Games,Xbox One,
Games & Toys Store and Baby Products,Gaming Accessories,Gaming Keyboards,
Games & Toys Store and Baby Products,Indoor Games,Carrom,
Games & Toys Store and Baby Products,Indoor Games,Jigsaw Puzzles,
Games & Toys Store and Baby Products,Non Mechanical Toys,Action figures,
Games & Toys Store and Baby Products,Non Mechanical Toys,Air gun,
Games & Toys Store and Baby Products,Non Mechanical Toys,Dolls,
Games & Toys Store and Baby Products,Non Mechanical Toys,Magnet toys,
Games & Toys Store and Baby Products,Non Mechanical Toys,Stuffed Pillows,
Games & Toys Store and Baby Products,Science and Activity Kits,DIY Kits,
Games & Toys Store and Baby Products,Science and Activity Kits,Science Kits,
Groceries,Cooking Essentials,Atta and Flour,
Groceries,Cooking Essentials,Cooking Oil,
Groceries,Cooking Essentials,Ghee,
Groceries,Cooking Essentials,Pulses,
Groceries,Cooking Essentials,Rice,
Groceries,Cooking Essentials,Salt,
Groceries,Cooking Essentials,Spices and Herbs,
Groceries,Cooking Essentials,Sugar,
Groceries,Non Perishables,Beverages,
Groceries,Non Perishables,Breakfast Cereals,
Groceries,Non Perishables,Chocolates and sweets,
Groceries,Non Perishables,Sauces and Spreads,
Groceries,Perishables,Eggs,
Groceries,Perishables,Fruits,
Groceries,Perishables,Meat,
Groceries,Perishables,Vegetables,
Groceries,Pet Supplies,Cat Food,
Hardware and Tools,Gardening Tools,Gardening Tools,
Hardware and Tools,Industrials,Industrials,
Hardware and Tools,Power and Hand Tools,Drills,
Hardware and Tools,Power and Hand Tools,Glue Guns,
Hardware and Tools,Power and Hand Tools,Measurig and Layout tools,
Hardware and Tools,Power and Hand Tools,Spanners and Wrenches,
Health Care Appliances,Health Care Appliances,Body Fat Analyzers,
Health Care Appliances,Health Care Appliances,BP Monitors,
Health Care Appliances,Health Care Appliances,Diabetic Care,
Health Care Appliances,Health Care Appliances,Heart Care,
Health Care Appliances,Health Care Appliances,Heart Care,
Health Care Appliances,Health Care Appliances,Measurements,
Health Care Appliances,Health Care Appliances,Weighing Scale,
Home and Decor,Barbeque and Outdoor Cooking,Gloves/Mitts,
Home and Decor,Barbeque and Outdoor Cooking,Picnic Baskets,
Home and Decor,Barbeque and Outdoor Cooking,Skewers,
Home and Decor,Barbeque and Outdoor Cooking,Thermometers,
Home and Decor,Bathroom Fixtures,Bathroom Hardware,
Home and Decor,Bathroom Fixtures,Health Faucets,
Home and Decor,Bathroom Fixtures,Shower & Bath Taps,
Home and Decor,Bathroom Fixtures,Shower Heads,
Home and Decor,Bathroom Linen,Bath pillows,
Home and Decor,Bathroom Linen,Bathrobes,
Home and Decor,Bathroom Linen,Shower curtains,
Home and Decor,Bathroom Organization,Bathroom accessory sets,
Home and Decor,Bathroom Organization,Soap dispensers,
Home and Decor,Bathroom Organization,Toothbrush Holders,
Home and Decor,Bedroom Linen,Cushions,
Home and Decor,Bedroom Linen,Duvet Covers,
Home and Decor,Bedroom Linen,Fitted Bedsheets,
Home and Decor,Bedroom Linen,Pillow cases,
Home and Decor,Bedroom Linen,Speciality pillows,
Home and Decor,Boxes and Baskets,Paper bins,
Home and Decor,Boxes and Baskets,Storage Baskets,
Home and Decor,Boxes and Baskets,Storage Boxes and Chests,
Home and Decor,Carpets and Rugs,Doormats,
Home and Decor,Carpets and Rugs,Rugs,
Home and Decor,Carpets and Rugs,Stair Carpets,
Home and Decor,Cleaning Supplies,Brooms,
Home and Decor,Cleaning Supplies,Cleaning Gloves,
Home and Decor,Cleaning Supplies,Mops,
Home and Decor,Cleaning Supplies,Squeeges And wipers,
Home and Decor,Cleaning Supplies,Sweeping cloths,
Home and Decor,Cleaning Supplies,Toilet Brushes,
Home and Decor,Closet Organization,Belt Racks,
Home and Decor,Closet Organization,Cloth hangers,
Home and Decor,Closet Organization,Clothes Covers,
Home and Decor,Closet Organization,Tie Racks,
Home and Decor,Curtains & Accessories,Blinds,
Home and Decor,Curtains & Accessories,Swags,
Home and Decor,Curtains & Accessories,Tiers,
Home and Decor,Curtains & Accessories,Valences,
Home and Decor,Decorative Lighting,Floor Lamps,
Home and Decor,Decorative Lighting,Standing Lights,
Home and Decor,Door Locks and Hardware,Cabinet Hardware,
Home and Decor,Door Locks and Hardware,Door Hardware,
Home and Decor,Door Locks and Hardware,Door locks,
Home and Decor,Door Locks and Hardware,Furniture Hardware,
Home and Decor,Door Locks and Hardware,Hooks,
Home and Decor,Door Locks and Hardware,Ladders,
Home and Decor,Electricals,Cables,
Home and Decor,Electricals,Door Chimes & Bells,
Home and Decor,Electricals,Electrical Wire,
Home and Decor,Electricals,Extension Cords,
Home and Decor,Electricals,Switches & Dimmers,
Home and Decor,Electricals,Tools and Testers,
Home and Decor,Electricals,Wall plates,
Home and Decor,Functional Lighting,Battens,
Home and Decor,Functional Lighting,CFLs,
Home and Decor,Functional Lighting,Clip Lights,
Home and Decor,Functional Lighting,Desk Lights,
Home and Decor,Functional Lighting,Reading Lights,
Home and Decor,Functional Lighting,Tibelights,
Home and Decor,Gardening,Compost,
Home and Decor,Gardening,Live Plants,
Home and Decor,Gardening,Manual Gardening Tools,
Home and Decor,Gardening,Pots and Planters,
Home and Decor,Gardening,Watering Equipments,
Home and Decor,Home Decor Accents,Artifical Flora,
Home and Decor,Home Decor Accents,Decorative Boxes,
Home and Decor,Home Decor Accents,Decorative Hookah Sets,
Home and Decor,Home Decor Accents,Foundations,
Home and Decor,Home Decor Accents,Fridge Magnets,
Home and Decor,Home Decor Accents,Idols & Figurines,
Home and Decor,Home Decor Accents,Potpourri,
Home and Decor,Home Decor Accents,Wind Chimes & Dream Catchers,
Home and Decor,Laundry Organization,Clothes pegs,
Home and Decor,Laundry Organization,Clotheslines,
Home and Decor,Laundry Organization,Drying Racks,
Home and Decor,Laundry Organization,Ironing Boards,
Home and Decor,Laundry Organization,Ironuing accessories,
Home and Decor,Laundry Organization,Laundry Bags,
Home and Decor,Laundry Organization,Laundry bins,
Home and Decor,Outdoor Decor,Decorative pets,
Home and Decor,Outdoor Decor,Fountains,
Home and Decor,Outdoor Decor,Outdoor Candles,
Home and Decor,Outdoor Decor,Sculptures,
Home and Decor,Outdoor Decor,Wind Cchimes,
Home and Decor,Safes and Security,Safes,
Home and Decor,Shoe Organization,Collapsible shoe racks,
Home and Decor,Shoe Organization,Shoe boxes,
Home and Decor,Solar Power,Solar Garden lighting,
Home and Decor,Solar Power,Solar Heater,
Home and Decor,Solar Power,Solar lamp & Lanterns,
Home and Decor,Solar Power,Solar Mobile Charger and Power,
Home and Decor,Solar Power,Solar Panels,
Home and Decor,Table Accents,Ashtrays,
Home and Decor,Table Accents,Candle Holders,
Home and Decor,Table Accents,Candles,
Home and Decor,Table Accents,Decorative Plates,
Home and Decor,Table Accents,Diyas and lanterns,
Home and Decor,Table Accents,Vases,
Home and Decor,Wall Decor,Hanging Decor,
Home and Decor,Wall Decor,Mirrors,
Home and Decor,Wall Hooks & Key holders,Coin Banks,
Kitchen and Dining,Bakewarae,Cake and Muffin moulds,
Kitchen and Dining,Bakewarae,Cookie Cutters,
Kitchen and Dining,Bakewarae,Mixing Bowls,
Kitchen and Dining,Cookware,Frying Pans,
Kitchen and Dining,Cookware,Tadka Pans,
Kitchen and Dining,Cookware,Tawas,
Kitchen and Dining,Dinner Sets ,Bone China & Porcelain,
Kitchen and Dining,Dinner Sets ,Melamine,
Kitchen and Dining,Dinner Sets ,Metalware,
Kitchen and Dining,Kitchen Fixtures,Kitchen Fixtures,
Kitchen and Dining,Kitchen Linen,Oven gloves,
Kitchen and Dining,Kitchen Linen,Table cloth,
Kitchen and Dining,Kitchen Linen,Table runners,
Kitchen and Dining,Kitchen Tools,Baking Tools,
Kitchen and Dining,ServeWare,Cutlery,
Kitchen and Dining,ServeWare,Glassware and Drinkware,
"Laptops, Electronics and Accessories",Camera Accessories,Camera Cases & bags,
"Laptops, Electronics and Accessories",Camera Accessories,Flash accessories,
"Laptops, Electronics and Accessories",Camera Accessories,Projectors,
"Laptops, Electronics and Accessories",Cameras,360 degree cameras,
"Laptops, Electronics and Accessories",Cameras,CamCorder,
"Laptops, Electronics and Accessories",Cameras,Mirrorless Cameras,
"Laptops, Electronics and Accessories",Data Storage,Hard Drives,
"Laptops, Electronics and Accessories",Data Storage,Network Attached Storage,
"Laptops, Electronics and Accessories",Data Storage,Solid State Drives,
"Laptops, Electronics and Accessories",Headphones,Noise cancelling Headphones,
"Laptops, Electronics and Accessories",Headphones,Sports headphones,
"Laptops, Electronics and Accessories",Headphones,Wireless Headphones,
"Laptops, Electronics and Accessories",Laptop  Peripherals,Cooling Pads,
"Laptops, Electronics and Accessories",Laptop  Peripherals,Laptop Tables,
"Laptops, Electronics and Accessories",Laptops,2-1 Laptops,
"Laptops, Electronics and Accessories",Laptops,Gaming Laptops,
"Laptops, Electronics and Accessories",Networking,Data Cards & Dongles,
"Laptops, Electronics and Accessories",Networking,Modems,
"Laptops, Electronics and Accessories",Networking,Wireless USB,
"Laptops, Electronics and Accessories",Other components,Graphic Cards,
"Laptops, Electronics and Accessories",Other components,Motherboard,
"Laptops, Electronics and Accessories",Other components,Processors,
"Laptops, Electronics and Accessories",PC Accessories,Desktop,
"Laptops, Electronics and Accessories",PC Accessories,UPS,
"Laptops, Electronics and Accessories",Printers,Ink Tank Printers,
"Laptops, Electronics and Accessories",Printers,Laser Printers,
"Laptops, Electronics and Accessories",Security,Alarms,
"Laptops, Electronics and Accessories",Security,Smart Locks,
"Laptops, Electronics and Accessories",Security,Surveillence cameras,
"Laptops, Electronics and Accessories",Security,Video Door Phones,
"Laptops, Electronics and Accessories",Smart Devices,Action Camera,
"Laptops, Electronics and Accessories",Smart Devices,Smart Lights,
"Laptops, Electronics and Accessories",Smart Devices,Smart Plugs,
"Laptops, Electronics and Accessories",Smart Devices,Virtual Reality,
"Laptops, Electronics and Accessories",Smart Devices,Wearable Smart Devices,
"Laptops, Electronics and Accessories",Speakers,Bluetooth Speakers,
"Laptops, Electronics and Accessories",Speakers,Multimedia Speakers,
Medicines and Supplements,Antiseptics,Antiseptics,
Medicines and Supplements,First Aid,Iodine Solution,
Medicines and Supplements,Health Supplements & Ayush,Siddha,
Medicines and Supplements,Health Supplements & Ayush,Unani,
Medicines and Supplements,Medicine Capsules and Syrups,Syrups,
Medicines and Supplements,Pain Relief,Pain Relief,
"Mobiles, Tablets, Mobile Accessories",Cables and Chargers,Audio Adapters,
"Mobiles, Tablets, Mobile Accessories",Cables and Chargers,Automobile Chargers,
"Mobiles, Tablets, Mobile Accessories",Cables and Chargers,Induction Chargers,
"Mobiles, Tablets, Mobile Accessories",Cables and Chargers,OTG Adapters,
"Mobiles, Tablets, Mobile Accessories",Cases & Covers,Cases,
"Mobiles, Tablets, Mobile Accessories",Cases & Covers,Covers,
"Mobiles, Tablets, Mobile Accessories",Cases & Covers,Holsters,
"Mobiles, Tablets, Mobile Accessories",Cases & Covers,Skin Stickers,
"Mobiles, Tablets, Mobile Accessories",Mobile Holders,Mounts,
"Mobiles, Tablets, Mobile Accessories",Mobile Holders,Stands,
"Mobiles, Tablets, Mobile Accessories",Mobile Utility,Internal Batteries,
"Mobiles, Tablets, Mobile Accessories",Screen Protectors,Screen covers,
Precious metals & Jewellery,Bars and Coins,Silver,
Precious metals & Jewellery,Jewellery,Platinum,
Sports & Fitness,Adventure Gear,Headlamps,
Sports & Fitness,Adventure Gear,Hiking Lamps,
Sports & Fitness,Adventure Gear,Hiking Pole,
Sports & Fitness,Adventure Gear,Sleeping Gear,
Sports & Fitness,Fitness Accessories,Dumbells,
Sports & Fitness,Fitness Accessories,Exercise Balls,
Sports & Fitness,Fitness Accessories,Exercise mats,
Sports & Fitness,Fitness Accessories,Fitness Hoops,
Sports & Fitness,Fitness Accessories,Skipping Ropes,
Sports & Fitness,Fitness Equipments,Acquatic Ecqipments,
Sports & Fitness,Fitness Equipments,Body Bars,
Sports & Fitness,Outdoor Sports,Basketball,
Sports & Fitness,Outdoor Sports,Cycling,
Sports & Fitness,Outdoor Sports,Tennis,
Sports & Fitness,Outdoor Sports,Volleyball,
Sports & Fitness,Sports Nutrition,Protein Shakers,
